[
    {
        "pk": 1, 
        "model": "salina.material", 
        "fields": {
            "name_text": 4, 
            "material_id": "fabric"
        }
    }, 
    {
        "pk": 2, 
        "model": "salina.material", 
        "fields": {
            "name_text": 5, 
            "material_id": "fabric_wool"
        }
    }, 
    {
        "pk": 4, 
        "model": "salina.material", 
        "fields": {
            "name_text": 7, 
            "material_id": "other"
        }
    }, 
    {
        "pk": 3, 
        "model": "salina.material", 
        "fields": {
            "name_text": 6, 
            "material_id": "yarn"
        }
    }, 
    {
        "pk": 1, 
        "model": "salina.productgroup", 
        "fields": {
            "name_text": 8, 
            "group_id": "bags"
        }
    }, 
    {
        "pk": 3, 
        "model": "salina.productgroup", 
        "fields": {
            "name_text": 10, 
            "group_id": "cuddlies"
        }
    }, 
    {
        "pk": 4, 
        "model": "salina.productgroup", 
        "fields": {
            "name_text": 11, 
            "group_id": "cushions"
        }
    }, 
    {
        "pk": 2, 
        "model": "salina.productgroup", 
        "fields": {
            "name_text": 9, 
            "group_id": "hats"
        }
    }, 
    {
        "pk": 1, 
        "model": "salina.product", 
        "fields": {
            "name_text": 14, 
            "product_group": 1, 
            "product_id": "bluish"
        }
    }, 
    {
        "pk": 1, 
        "model": "salina.materialcolumn", 
        "fields": {
            "_order": 0, 
            "product": 1, 
            "material": 2
        }
    }, 
    {
        "pk": 2, 
        "model": "salina.materialcolumn", 
        "fields": {
            "_order": 1, 
            "product": 1, 
            "material": 3
        }
    }, 
    {
        "pk": 3, 
        "model": "salina.materialcolumn", 
        "fields": {
            "_order": 2, 
            "product": 1, 
            "material": 4
        }
    }, 
    {
        "pk": 1, 
        "model": "salina.productpart", 
        "fields": {
            "name_text": 15, 
            "_order": 0, 
            "product": 1, 
            "price": 2, 
            "time_min": 120
        }
    }, 
    {
        "pk": 2, 
        "model": "salina.productpart", 
        "fields": {
            "name_text": 16, 
            "_order": 1, 
            "product": 1, 
            "price": 3, 
            "time_min": 60
        }
    }, 
    {
        "pk": 1, 
        "model": "salina.productpartcolumn", 
        "fields": {
            "amount": "50 gr", 
            "product_part": 1, 
            "material_column": 1
        }
    }, 
    {
        "pk": 2, 
        "model": "salina.productpartcolumn", 
        "fields": {
            "amount": "50x50 cm", 
            "product_part": 2, 
            "material_column": 1
        }
    }, 
    {
        "pk": 3, 
        "model": "salina.productpartcolumn", 
        "fields": {
            "amount": "1/2 spool", 
            "product_part": 2, 
            "material_column": 2
        }
    }, 
    {
        "pk": 4, 
        "model": "salina.productpartcolumn", 
        "fields": {
            "amount": "eyes", 
            "product_part": 2, 
            "material_column": 3
        }
    }, 
    {
        "pk": 3, 
        "model": "salina.cmstext", 
        "fields": {
            "short": false, 
            "entry_id": "about_top", 
            "description": "Top text on about page", 
            "page": "about"
        }
    }, 
    {
        "pk": 12, 
        "model": "salina.cmstext", 
        "fields": {
            "short": false, 
            "entry_id": "atelier_top", 
            "description": "Top text on atelier page", 
            "page": "atelier"
        }
    }, 
    {
        "pk": 1, 
        "model": "salina.cmstext", 
        "fields": {
            "short": false, 
            "entry_id": "frontpage_howitworks", 
            "description": "How it works text", 
            "page": "index"
        }
    }, 
    {
        "pk": 2, 
        "model": "salina.cmstext", 
        "fields": {
            "short": false, 
            "entry_id": "frontpage_textile", 
            "description": "Textile text", 
            "page": "index"
        }
    }, 
    {
        "pk": 4, 
        "model": "salina.cmstext", 
        "fields": {
            "short": true, 
            "entry_id": "material_fabric", 
            "description": "Material fabric", 
            "page": null
        }
    }, 
    {
        "pk": 5, 
        "model": "salina.cmstext", 
        "fields": {
            "short": true, 
            "entry_id": "material_fabric_wool", 
            "description": "Material fabric_wool", 
            "page": null
        }
    }, 
    {
        "pk": 7, 
        "model": "salina.cmstext", 
        "fields": {
            "short": true, 
            "entry_id": "material_other", 
            "description": "Material other", 
            "page": null
        }
    }, 
    {
        "pk": 6, 
        "model": "salina.cmstext", 
        "fields": {
            "short": true, 
            "entry_id": "material_yarn", 
            "description": "Material yarn", 
            "page": null
        }
    }, 
    {
        "pk": 14, 
        "model": "salina.cmstext", 
        "fields": {
            "short": true, 
            "entry_id": "product_bluish", 
            "description": "Product bluish", 
            "page": null
        }
    }, 
    {
        "pk": 15, 
        "model": "salina.cmstext", 
        "fields": {
            "short": true, 
            "entry_id": "product_bluish_part_1", 
            "description": "Product bluish part 1", 
            "page": null
        }
    }, 
    {
        "pk": 16, 
        "model": "salina.cmstext", 
        "fields": {
            "short": true, 
            "entry_id": "product_bluish_part_2", 
            "description": "Product bluish part 2", 
            "page": null
        }
    }, 
    {
        "pk": 8, 
        "model": "salina.cmstext", 
        "fields": {
            "short": true, 
            "entry_id": "productgroup_bags", 
            "description": "Product group bags", 
            "page": null
        }
    }, 
    {
        "pk": 10, 
        "model": "salina.cmstext", 
        "fields": {
            "short": true, 
            "entry_id": "productgroup_cuddlies", 
            "description": "Product group cuddlies", 
            "page": null
        }
    }, 
    {
        "pk": 11, 
        "model": "salina.cmstext", 
        "fields": {
            "short": true, 
            "entry_id": "productgroup_cushions", 
            "description": "Product group cushions", 
            "page": null
        }
    }, 
    {
        "pk": 9, 
        "model": "salina.cmstext", 
        "fields": {
            "short": true, 
            "entry_id": "productgroup_hats", 
            "description": "Product group hats", 
            "page": null
        }
    }, 
    {
        "pk": 3, 
        "model": "salina.cmstranslation", 
        "fields": {
            "locale": "en", 
            "text": "Groups can make reuqest for workshops. Workoshops can be at a chosen time and place. We can offer theme workshops.In the workshops we work with all kind of materials and techniques: Frame making, Mosaic, Everyone can copy a famous art work, The first time I ......(participants make an art work about something they did for the first time: first time pregnant, first beer, first book).", 
            "timestamp": "2012-06-13T12:11:57.043", 
            "cms_text": 3
        }
    }, 
    {
        "pk": 20, 
        "model": "salina.cmstranslation", 
        "fields": {
            "locale": "en", 
            "text": "# Atelier\r\n\r\nIn the atelier you can create various items with our guidance. Register for a session...\r\n\r\n# Timetables\r\n\r\n1.7.2012 - 22.7.2012 Some place", 
            "timestamp": "2012-06-16T16:40:02.477", 
            "cms_text": 12
        }
    }, 
    {
        "pk": 1, 
        "model": "salina.cmstranslation", 
        "fields": {
            "locale": "en", 
            "text": "# How it works\r\n\r\nEvery tuesday en thursday evening (19.00 \u2013 22.00 hrs) and wednesday en saaturday morning ( 10.00-13.00 hrs) you can come and work on a piece of your choice. You do not have to register in advance. There are ususally four to six participants.\r\n\r\nYou pay seperate for each session that you participate in, or you can buy a a \u201cfiver\u201dor \u201ctenner\u201d (= card for five of ten sessions). One session costs \u20ac 12,50. You choose when and how often you want to come. You can choose to start work at atelier Salina and finish at home. If at some point you get stuck, you can come back to atelier Salina for one or more sessions.\r\n\r\nEverything you need is present at atelier Salina, but of course you are welcome to bring your own. You pay seperately for the materials you use. Fabrics cost \u20ac 4 per meter, yarn \u20ac 1 per spool. Felt is \u20ac 1 per piece of 20 X 30 cm, wool is \u20ac 1 per 50 gram ball, accessories vary in prices. If you click on one of the images from the carousel above, you'll find information about the time and material each piece costs.", 
            "timestamp": "2012-06-01T00:55:55", 
            "cms_text": 1
        }
    }, 
    {
        "pk": 2, 
        "model": "salina.cmstranslation", 
        "fields": {
            "locale": "en", 
            "text": "# Textile\r\n\r\nTextile is a material with endless amazing qualities and possibilities. It is felxible, washable, colourful, transparent or opaque, smooth or textured, stretches or not. You can make bags, toys, books, clothing, hats, baskets, cushions, puppets, chairs and much more of it. You can paint it, sew it, glue it, fold it, crease it, wrinkle it, knot it. \r\n\r\n**COME AND DISCOVER YOUR TALENT!**", 
            "timestamp": "2012-06-01T00:56:40", 
            "cms_text": 2
        }
    }, 
    {
        "pk": 4, 
        "model": "salina.cmstranslation", 
        "fields": {
            "locale": "en", 
            "text": "Fabric", 
            "timestamp": "2012-06-16T14:53:47.836", 
            "cms_text": 4
        }
    }, 
    {
        "pk": 5, 
        "model": "salina.cmstranslation", 
        "fields": {
            "locale": "nl", 
            "text": "Stof", 
            "timestamp": "2012-06-16T14:53:47.836", 
            "cms_text": 4
        }
    }, 
    {
        "pk": 6, 
        "model": "salina.cmstranslation", 
        "fields": {
            "locale": "en", 
            "text": "Fabric/Wool", 
            "timestamp": "2012-06-16T14:53:47.836", 
            "cms_text": 5
        }
    }, 
    {
        "pk": 7, 
        "model": "salina.cmstranslation", 
        "fields": {
            "locale": "nl", 
            "text": "Stof/Wol", 
            "timestamp": "2012-06-16T14:53:47.836", 
            "cms_text": 5
        }
    }, 
    {
        "pk": 8, 
        "model": "salina.cmstranslation", 
        "fields": {
            "locale": "en", 
            "text": "Other material", 
            "timestamp": "2012-06-16T14:53:47.836", 
            "cms_text": 7
        }
    }, 
    {
        "pk": 9, 
        "model": "salina.cmstranslation", 
        "fields": {
            "locale": "nl", 
            "text": "Overig materiaal", 
            "timestamp": "2012-06-16T14:53:47.836", 
            "cms_text": 7
        }
    }, 
    {
        "pk": 10, 
        "model": "salina.cmstranslation", 
        "fields": {
            "locale": "en", 
            "text": "Yarn", 
            "timestamp": "2012-06-16T14:53:47.836", 
            "cms_text": 6
        }
    }, 
    {
        "pk": 11, 
        "model": "salina.cmstranslation", 
        "fields": {
            "locale": "nl", 
            "text": "Garen", 
            "timestamp": "2012-06-16T14:53:47.836", 
            "cms_text": 6
        }
    }, 
    {
        "pk": 21, 
        "model": "salina.cmstranslation", 
        "fields": {
            "locale": "en", 
            "text": "Bluish", 
            "timestamp": "2012-06-17T22:36:09.774", 
            "cms_text": 14
        }
    }, 
    {
        "pk": 22, 
        "model": "salina.cmstranslation", 
        "fields": {
            "locale": "nl", 
            "text": "Blauwtje", 
            "timestamp": "2012-06-17T22:36:09.774", 
            "cms_text": 14
        }
    }, 
    {
        "pk": 25, 
        "model": "salina.cmstranslation", 
        "fields": {
            "locale": "en", 
            "text": "Knitwork", 
            "timestamp": "2012-06-18T01:01:09.196", 
            "cms_text": 15
        }
    }, 
    {
        "pk": 26, 
        "model": "salina.cmstranslation", 
        "fields": {
            "locale": "nl", 
            "text": "Breiwerk", 
            "timestamp": "2012-06-18T01:01:09.196", 
            "cms_text": 15
        }
    }, 
    {
        "pk": 27, 
        "model": "salina.cmstranslation", 
        "fields": {
            "locale": "en", 
            "text": "Lining", 
            "timestamp": "2012-06-18T01:50:26.696", 
            "cms_text": 16
        }
    }, 
    {
        "pk": 28, 
        "model": "salina.cmstranslation", 
        "fields": {
            "locale": "nl", 
            "text": "Voering", 
            "timestamp": "2012-06-18T01:50:26.696", 
            "cms_text": 16
        }
    }, 
    {
        "pk": 12, 
        "model": "salina.cmstranslation", 
        "fields": {
            "locale": "en", 
            "text": "Bags", 
            "timestamp": "2012-06-16T15:56:01.633", 
            "cms_text": 8
        }
    }, 
    {
        "pk": 13, 
        "model": "salina.cmstranslation", 
        "fields": {
            "locale": "nl", 
            "text": "Tassen", 
            "timestamp": "2012-06-16T15:56:01.633", 
            "cms_text": 8
        }
    }, 
    {
        "pk": 18, 
        "model": "salina.cmstranslation", 
        "fields": {
            "locale": "en", 
            "text": "Cuddlies", 
            "timestamp": "2012-06-16T15:56:01.633", 
            "cms_text": 10
        }
    }, 
    {
        "pk": 19, 
        "model": "salina.cmstranslation", 
        "fields": {
            "locale": "nl", 
            "text": "Knuffels", 
            "timestamp": "2012-06-16T15:56:01.633", 
            "cms_text": 10
        }
    }, 
    {
        "pk": 16, 
        "model": "salina.cmstranslation", 
        "fields": {
            "locale": "en", 
            "text": "Cushions", 
            "timestamp": "2012-06-16T15:56:01.633", 
            "cms_text": 11
        }
    }, 
    {
        "pk": 17, 
        "model": "salina.cmstranslation", 
        "fields": {
            "locale": "nl", 
            "text": "Kussens", 
            "timestamp": "2012-06-16T15:56:01.633", 
            "cms_text": 11
        }
    }, 
    {
        "pk": 14, 
        "model": "salina.cmstranslation", 
        "fields": {
            "locale": "en", 
            "text": "Hats", 
            "timestamp": "2012-06-16T15:56:01.633", 
            "cms_text": 9
        }
    }, 
    {
        "pk": 15, 
        "model": "salina.cmstranslation", 
        "fields": {
            "locale": "nl", 
            "text": "Petten", 
            "timestamp": "2012-06-16T15:56:01.633", 
            "cms_text": 9
        }
    }
]