[
    {
        "pk": 1, 
        "model": "salina.material", 
        "fields": {
            "name_text": 4, 
            "material_id": "fabric"
        }
    }, 
    {
        "pk": 2, 
        "model": "salina.material", 
        "fields": {
            "name_text": 5, 
            "material_id": "fabric-wool"
        }
    }, 
    {
        "pk": 4, 
        "model": "salina.material", 
        "fields": {
            "name_text": 7, 
            "material_id": "other"
        }
    }, 
    {
        "pk": 3, 
        "model": "salina.material", 
        "fields": {
            "name_text": 6, 
            "material_id": "yarn"
        }
    }, 
    {
        "pk": 1, 
        "model": "salina.productgroup", 
        "fields": {
            "name_text": 8, 
            "description_text": 23, 
            "group_id": "bags"
        }
    }, 
    {
        "pk": 3, 
        "model": "salina.productgroup", 
        "fields": {
            "name_text": 10, 
            "description_text": 24, 
            "group_id": "cuddlies"
        }
    }, 
    {
        "pk": 4, 
        "model": "salina.productgroup", 
        "fields": {
            "name_text": 11, 
            "description_text": 25, 
            "group_id": "cushions"
        }
    }, 
    {
        "pk": 2, 
        "model": "salina.productgroup", 
        "fields": {
            "name_text": 9, 
            "description_text": 26, 
            "group_id": "hats"
        }
    }, 
    {
        "pk": 1, 
        "model": "salina.product", 
        "fields": {
            "is_displayed": true, 
            "name_text": 14, 
            "product_group": 3, 
            "product_id": "bluish"
        }
    }, 
    {
        "pk": 1, 
        "model": "salina.materialcolumn", 
        "fields": {
            "_order": 0, 
            "product": 1, 
            "material": 2
        }
    }, 
    {
        "pk": 2, 
        "model": "salina.materialcolumn", 
        "fields": {
            "_order": 1, 
            "product": 1, 
            "material": 3
        }
    }, 
    {
        "pk": 3, 
        "model": "salina.materialcolumn", 
        "fields": {
            "_order": 2, 
            "product": 1, 
            "material": 4
        }
    }, 
    {
        "pk": 1, 
        "model": "salina.productpart", 
        "fields": {
            "name_text": 15, 
            "_order": 0, 
            "product": 1, 
            "price": 2, 
            "time_min": 60
        }
    }, 
    {
        "pk": 2, 
        "model": "salina.productpart", 
        "fields": {
            "name_text": 16, 
            "_order": 1, 
            "product": 1, 
            "price": 3, 
            "time_min": 30
        }
    }, 
    {
        "pk": 1, 
        "model": "salina.productpartcolumn", 
        "fields": {
            "text": 17, 
            "amount": "50", 
            "product_part": 1, 
            "material_column": 1
        }
    }, 
    {
        "pk": 2, 
        "model": "salina.productpartcolumn", 
        "fields": {
            "text": 18, 
            "amount": "50x50", 
            "product_part": 2, 
            "material_column": 1
        }
    }, 
    {
        "pk": 3, 
        "model": "salina.productpartcolumn", 
        "fields": {
            "text": 19, 
            "amount": "1/2", 
            "product_part": 2, 
            "material_column": 2
        }
    }, 
    {
        "pk": 4, 
        "model": "salina.productpartcolumn", 
        "fields": {
            "text": 20, 
            "amount": "", 
            "product_part": 2, 
            "material_column": 3
        }
    }, 
    {
        "pk": 3, 
        "model": "salina.cmstext", 
        "fields": {
            "short": false, 
            "entry_id": "about-top", 
            "description": "Top text on about page", 
            "page": "about"
        }
    }, 
    {
        "pk": 12, 
        "model": "salina.cmstext", 
        "fields": {
            "short": false, 
            "entry_id": "atelier-top", 
            "description": "Top text on atelier page", 
            "page": "atelier"
        }
    }, 
    {
        "pk": 21, 
        "model": "salina.cmstext", 
        "fields": {
            "short": false, 
            "entry_id": "contact-top", 
            "description": "Top text on contact info page", 
            "page": "contact"
        }
    }, 
    {
        "pk": 2, 
        "model": "salina.cmstext", 
        "fields": {
            "short": false, 
            "entry_id": "frontpage-column-left", 
            "description": "Left column on front page", 
            "page": "index"
        }
    }, 
    {
        "pk": 1, 
        "model": "salina.cmstext", 
        "fields": {
            "short": false, 
            "entry_id": "frontpage-column-right", 
            "description": "Right column on front page", 
            "page": "index"
        }
    }, 
    {
        "pk": 4, 
        "model": "salina.cmstext", 
        "fields": {
            "short": true, 
            "entry_id": "material-fabric", 
            "description": "Material fabric", 
            "page": null
        }
    }, 
    {
        "pk": 5, 
        "model": "salina.cmstext", 
        "fields": {
            "short": true, 
            "entry_id": "material-fabric-wool", 
            "description": "Material fabric-wool", 
            "page": null
        }
    }, 
    {
        "pk": 7, 
        "model": "salina.cmstext", 
        "fields": {
            "short": true, 
            "entry_id": "material-other", 
            "description": "Material other", 
            "page": null
        }
    }, 
    {
        "pk": 6, 
        "model": "salina.cmstext", 
        "fields": {
            "short": true, 
            "entry_id": "material-yarn", 
            "description": "Material yarn", 
            "page": null
        }
    }, 
    {
        "pk": 14, 
        "model": "salina.cmstext", 
        "fields": {
            "short": true, 
            "entry_id": "product-bluish", 
            "description": "Product bluish", 
            "page": null
        }
    }, 
    {
        "pk": 8, 
        "model": "salina.cmstext", 
        "fields": {
            "short": true, 
            "entry_id": "productgroup-bags", 
            "description": "Product group bags", 
            "page": null
        }
    }, 
    {
        "pk": 23, 
        "model": "salina.cmstext", 
        "fields": {
            "short": false, 
            "entry_id": "productgroup-bags-description", 
            "description": "Product group bags description", 
            "page": null
        }
    }, 
    {
        "pk": 10, 
        "model": "salina.cmstext", 
        "fields": {
            "short": true, 
            "entry_id": "productgroup-cuddlies", 
            "description": "Product group cuddlies", 
            "page": null
        }
    }, 
    {
        "pk": 24, 
        "model": "salina.cmstext", 
        "fields": {
            "short": false, 
            "entry_id": "productgroup-cuddlies-description", 
            "description": "Product group cuddlies description", 
            "page": null
        }
    }, 
    {
        "pk": 11, 
        "model": "salina.cmstext", 
        "fields": {
            "short": true, 
            "entry_id": "productgroup-cushions", 
            "description": "Product group cushions", 
            "page": null
        }
    }, 
    {
        "pk": 25, 
        "model": "salina.cmstext", 
        "fields": {
            "short": false, 
            "entry_id": "productgroup-cushions-description", 
            "description": "Product group cushions description", 
            "page": null
        }
    }, 
    {
        "pk": 9, 
        "model": "salina.cmstext", 
        "fields": {
            "short": true, 
            "entry_id": "productgroup-hats", 
            "description": "Product group hats", 
            "page": null
        }
    }, 
    {
        "pk": 26, 
        "model": "salina.cmstext", 
        "fields": {
            "short": false, 
            "entry_id": "productgroup-hats-description", 
            "description": "Product group hats description", 
            "page": null
        }
    }, 
    {
        "pk": 15, 
        "model": "salina.cmstext", 
        "fields": {
            "short": true, 
            "entry_id": "productpart-bluish-0", 
            "description": "Product bluish part 1", 
            "page": null
        }
    }, 
    {
        "pk": 16, 
        "model": "salina.cmstext", 
        "fields": {
            "short": true, 
            "entry_id": "productpart-bluish-1", 
            "description": "Product bluish part 2", 
            "page": null
        }
    }, 
    {
        "pk": 17, 
        "model": "salina.cmstext", 
        "fields": {
            "short": true, 
            "entry_id": "productpartcolumn-0", 
            "description": "Product bluish part column", 
            "page": null
        }
    }, 
    {
        "pk": 18, 
        "model": "salina.cmstext", 
        "fields": {
            "short": true, 
            "entry_id": "productpartcolumn-1", 
            "description": "Product bluish part column", 
            "page": null
        }
    }, 
    {
        "pk": 19, 
        "model": "salina.cmstext", 
        "fields": {
            "short": true, 
            "entry_id": "productpartcolumn-2", 
            "description": "Product bluish part column", 
            "page": null
        }
    }, 
    {
        "pk": 20, 
        "model": "salina.cmstext", 
        "fields": {
            "short": true, 
            "entry_id": "productpartcolumn-3", 
            "description": "Product bluish part column", 
            "page": null
        }
    }, 
    {
        "pk": 22, 
        "model": "salina.cmstext", 
        "fields": {
            "short": false, 
            "entry_id": "webshop-top", 
            "description": "Top text on webshop page", 
            "page": "webshop"
        }
    }, 
    {
        "pk": 3, 
        "model": "salina.cmstranslation", 
        "fields": {
            "locale": "en", 
            "text": "Groups can make reuqest for workshops. Workoshops can be at a chosen time and place. We can offer theme workshops.In the workshops we work with all kind of materials and techniques: Frame making, Mosaic, Everyone can copy a famous art work, The first time I ......(participants make an art work about something they did for the first time: first time pregnant, first beer, first book).", 
            "timestamp": "2012-06-13T12:11:57.043", 
            "cms_text": 3
        }
    }, 
    {
        "pk": 20, 
        "model": "salina.cmstranslation", 
        "fields": {
            "locale": "en", 
            "text": "In the atelier you can create various items with our guidance. Register for a session...\r\n\r\n# Timetables\r\n\r\n1.7.2012 - 22.7.2012 Some place", 
            "timestamp": "2012-06-16T16:40:02.477", 
            "cms_text": 12
        }
    }, 
    {
        "pk": 2, 
        "model": "salina.cmstranslation", 
        "fields": {
            "locale": "en", 
            "text": "# Textile\r\n\r\n<img src=\"/static/salina/img/image1.jpg\" alt=\"Image\"/>\r\n\r\nTextile is a material with endless amazing qualities and possibilities. It is felxible, washable, colourful, transparent or opaque, smooth or textured, stretches or not. You can make bags, toys, books, clothing, hats, baskets, cushions, puppets, chairs and much more of it. You can paint it, sew it, glue it, fold it, crease it, wrinkle it, knot it. \r\n\r\n[Come and discover your talent >>](atelier)\r\n", 
            "timestamp": "2012-06-01T00:56:40", 
            "cms_text": 2
        }
    }, 
    {
        "pk": 1, 
        "model": "salina.cmstranslation", 
        "fields": {
            "locale": "en", 
            "text": "# How it works\r\n\r\n<img src=\"/static/salina/img/image2.jpg\" alt=\"Image\"/>\r\n\r\nEvery tuesday en thursday evening (19.00 \u2013 22.00 hrs) and wednesday en saaturday morning ( 10.00-13.00 hrs) you can come and work on a piece of your choice. You do not have to register in advance. There are ususally four to six participants.\r\n\r\n[You choose when and how often to come >>](about)", 
            "timestamp": "2012-06-01T00:55:55", 
            "cms_text": 1
        }
    }, 
    {
        "pk": 4, 
        "model": "salina.cmstranslation", 
        "fields": {
            "locale": "en", 
            "text": "Fabric", 
            "timestamp": "2012-06-16T14:53:47.836", 
            "cms_text": 4
        }
    }, 
    {
        "pk": 5, 
        "model": "salina.cmstranslation", 
        "fields": {
            "locale": "nl", 
            "text": "Stof", 
            "timestamp": "2012-06-16T14:53:47.836", 
            "cms_text": 4
        }
    }, 
    {
        "pk": 6, 
        "model": "salina.cmstranslation", 
        "fields": {
            "locale": "en", 
            "text": "Fabric/Wool", 
            "timestamp": "2012-06-16T14:53:47.836", 
            "cms_text": 5
        }
    }, 
    {
        "pk": 7, 
        "model": "salina.cmstranslation", 
        "fields": {
            "locale": "nl", 
            "text": "Stof/Wol", 
            "timestamp": "2012-06-16T14:53:47.836", 
            "cms_text": 5
        }
    }, 
    {
        "pk": 8, 
        "model": "salina.cmstranslation", 
        "fields": {
            "locale": "en", 
            "text": "Other material", 
            "timestamp": "2012-06-16T14:53:47.836", 
            "cms_text": 7
        }
    }, 
    {
        "pk": 9, 
        "model": "salina.cmstranslation", 
        "fields": {
            "locale": "nl", 
            "text": "Overig materiaal", 
            "timestamp": "2012-06-16T14:53:47.836", 
            "cms_text": 7
        }
    }, 
    {
        "pk": 10, 
        "model": "salina.cmstranslation", 
        "fields": {
            "locale": "en", 
            "text": "Yarn", 
            "timestamp": "2012-06-16T14:53:47.836", 
            "cms_text": 6
        }
    }, 
    {
        "pk": 11, 
        "model": "salina.cmstranslation", 
        "fields": {
            "locale": "nl", 
            "text": "Garen", 
            "timestamp": "2012-06-16T14:53:47.836", 
            "cms_text": 6
        }
    }, 
    {
        "pk": 21, 
        "model": "salina.cmstranslation", 
        "fields": {
            "locale": "en", 
            "text": "Bluish", 
            "timestamp": "2012-06-17T22:36:09.774", 
            "cms_text": 14
        }
    }, 
    {
        "pk": 22, 
        "model": "salina.cmstranslation", 
        "fields": {
            "locale": "nl", 
            "text": "Blauwtje", 
            "timestamp": "2012-06-17T22:36:09.774", 
            "cms_text": 14
        }
    }, 
    {
        "pk": 12, 
        "model": "salina.cmstranslation", 
        "fields": {
            "locale": "en", 
            "text": "Bags", 
            "timestamp": "2012-06-16T15:56:01.633", 
            "cms_text": 8
        }
    }, 
    {
        "pk": 13, 
        "model": "salina.cmstranslation", 
        "fields": {
            "locale": "nl", 
            "text": "Tassen", 
            "timestamp": "2012-06-16T15:56:01.633", 
            "cms_text": 8
        }
    }, 
    {
        "pk": 40, 
        "model": "salina.cmstranslation", 
        "fields": {
            "locale": "en", 
            "text": "Little bags, big bags, bags for bycicles. You can make it all yourself! You learn how to make boxes inside a bag, with or without zipper, how to make shoulder straps, design various ways to close you rbag. You will work with several decoration techniques: straps, layer-over-layer effect, bags from shawls. You can bring your own fabric if you like, but NO LEATHER;  that is too stiff for our sewing machines.", 
            "timestamp": "2012-07-13T12:07:51.921", 
            "cms_text": 23
        }
    }, 
    {
        "pk": 18, 
        "model": "salina.cmstranslation", 
        "fields": {
            "locale": "en", 
            "text": "Cuddlies", 
            "timestamp": "2012-06-16T15:56:01.633", 
            "cms_text": 10
        }
    }, 
    {
        "pk": 19, 
        "model": "salina.cmstranslation", 
        "fields": {
            "locale": "nl", 
            "text": "Knuffels", 
            "timestamp": "2012-06-16T15:56:01.633", 
            "cms_text": 10
        }
    }, 
    {
        "pk": 37, 
        "model": "salina.cmstranslation", 
        "fields": {
            "locale": "en", 
            "text": "A sweet girl? A huge beanbag-frog to sit on? Your own design? Let your imagination run wild! U can make cuddlies from patters we offer, or design one yourself. You'll learn how to give the heads an expression,  work with surprising materials and accessories, if you want you can make an outfit for you cuddly too. You'll see: the possibilities are endless!", 
            "timestamp": "2012-07-13T12:07:51.921", 
            "cms_text": 24
        }
    }, 
    {
        "pk": 16, 
        "model": "salina.cmstranslation", 
        "fields": {
            "locale": "en", 
            "text": "Cushions", 
            "timestamp": "2012-06-16T15:56:01.633", 
            "cms_text": 11
        }
    }, 
    {
        "pk": 17, 
        "model": "salina.cmstranslation", 
        "fields": {
            "locale": "nl", 
            "text": "Kussens", 
            "timestamp": "2012-06-16T15:56:01.633", 
            "cms_text": 11
        }
    }, 
    {
        "pk": 38, 
        "model": "salina.cmstranslation", 
        "fields": {
            "locale": "en", 
            "text": "A cushion is not always square, rectangular or round. Cushions can be very bright and colourful. They can have feet or tail, or serve as weatherstrip. They can be of combined fabrics, from braided fabric or wool, you can use to-sur-ton, or use exuberant colours. Don't think this is just applicable to childrens cushions, a sunflower can be very decoratiev on the living room couch!", 
            "timestamp": "2012-07-13T12:07:51.921", 
            "cms_text": 25
        }
    }, 
    {
        "pk": 14, 
        "model": "salina.cmstranslation", 
        "fields": {
            "locale": "en", 
            "text": "Hats", 
            "timestamp": "2012-06-16T15:56:01.633", 
            "cms_text": 9
        }
    }, 
    {
        "pk": 15, 
        "model": "salina.cmstranslation", 
        "fields": {
            "locale": "nl", 
            "text": "Petten", 
            "timestamp": "2012-06-16T15:56:01.633", 
            "cms_text": 9
        }
    }, 
    {
        "pk": 39, 
        "model": "salina.cmstranslation", 
        "fields": {
            "locale": "en", 
            "text": "Hats with or without flaps, stiff or limp, as baret, of fabric or wool, anything is possible. You will learn how to take the measurements, how to vary on an basic pattern. You learn how to add lining. You can wash the hats in the washing machine.\r\n\r\nATTENTION: You cannot work with leather; that is too stiff for our sewing machines.", 
            "timestamp": "2012-07-13T12:07:51.921", 
            "cms_text": 26
        }
    }, 
    {
        "pk": 25, 
        "model": "salina.cmstranslation", 
        "fields": {
            "locale": "en", 
            "text": "Knitwork", 
            "timestamp": "2012-06-18T01:01:09.196", 
            "cms_text": 15
        }
    }, 
    {
        "pk": 26, 
        "model": "salina.cmstranslation", 
        "fields": {
            "locale": "nl", 
            "text": "Breiwerk", 
            "timestamp": "2012-06-18T01:01:09.196", 
            "cms_text": 15
        }
    }, 
    {
        "pk": 27, 
        "model": "salina.cmstranslation", 
        "fields": {
            "locale": "en", 
            "text": "Lining", 
            "timestamp": "2012-06-18T01:50:26.696", 
            "cms_text": 16
        }
    }, 
    {
        "pk": 28, 
        "model": "salina.cmstranslation", 
        "fields": {
            "locale": "nl", 
            "text": "Voering", 
            "timestamp": "2012-06-18T01:50:26.696", 
            "cms_text": 16
        }
    }, 
    {
        "pk": 29, 
        "model": "salina.cmstranslation", 
        "fields": {
            "locale": "en", 
            "text": "gr", 
            "timestamp": "2012-06-18T12:48:12.211", 
            "cms_text": 17
        }
    }, 
    {
        "pk": 30, 
        "model": "salina.cmstranslation", 
        "fields": {
            "locale": "nl", 
            "text": "gr", 
            "timestamp": "2012-06-18T12:48:12.211", 
            "cms_text": 17
        }
    }, 
    {
        "pk": 31, 
        "model": "salina.cmstranslation", 
        "fields": {
            "locale": "en", 
            "text": "cm", 
            "timestamp": "2012-06-18T12:48:12.211", 
            "cms_text": 18
        }
    }, 
    {
        "pk": 32, 
        "model": "salina.cmstranslation", 
        "fields": {
            "locale": "nl", 
            "text": "cm", 
            "timestamp": "2012-06-18T12:48:12.211", 
            "cms_text": 18
        }
    }, 
    {
        "pk": 33, 
        "model": "salina.cmstranslation", 
        "fields": {
            "locale": "en", 
            "text": "spool", 
            "timestamp": "2012-06-18T12:48:12.211", 
            "cms_text": 19
        }
    }, 
    {
        "pk": 34, 
        "model": "salina.cmstranslation", 
        "fields": {
            "locale": "nl", 
            "text": "klosje", 
            "timestamp": "2012-06-18T12:48:12.211", 
            "cms_text": 19
        }
    }, 
    {
        "pk": 35, 
        "model": "salina.cmstranslation", 
        "fields": {
            "locale": "en", 
            "text": "Eyes", 
            "timestamp": "2012-06-18T12:48:12.211", 
            "cms_text": 20
        }
    }, 
    {
        "pk": 36, 
        "model": "salina.cmstranslation", 
        "fields": {
            "locale": "nl", 
            "text": "Ogen", 
            "timestamp": "2012-06-18T12:48:12.211", 
            "cms_text": 20
        }
    }
]